Team,Pts,Last,Rank,Year,Colour
Preston North End,58,0,1,1889,#dddddd
Aston Villa,41,0,2,1889,#7a003d
Wolverhampton Wanderers,40,0,3,1889,#faa61a
Blackburn Rovers,36,0,4,1889,#004f9c
Bolton Wanderers,32,0,5,1889,#dddddd
West Bromwich Albion,32,0,5,1889,#091453
Everton,29,0,7,1889,#091453
Accrington,26,0,8,1889,#ae222d
Burnley,24,0,9,1889,#7a003d
Derby County,23,0,10,1889,#dddddd
Preston North End,106,58,1,1890,#dddddd
Blackburn Rovers,75,36,2,1890,#004f9c
Wolverhampton Wanderers,75,40,2,1890,#faa61a
Everton,74,29,4,1890,#091453
West Bromwich Albion,68,32,5,1890,#091453
Aston Villa,67,41,6,1890,#7a003d
Bolton Wanderers,60,32,7,1890,#dddddd
Accrington,59,26,8,1890,#ae222d
Derby County,53,23,9,1890,#dddddd
Burnley,41,24,10,1890,#7a003d
Preston North End,145,106,1,1891,#dddddd
Everton,117,74,2,1891,#091453
Wolverhampton Wanderers,113,75,3,1891,#faa61a
Blackburn Rovers,110,75,4,1891,#004f9c
Bolton Wanderers,97,60,5,1891,#dddddd
Aston Villa,92,67,6,1891,#7a003d
West Bromwich Albion,85,68,7,1891,#091453
Accrington,81,59,8,1891,#ae222d
Notts County,77,40,9,1891,#252525
Derby County,75,53,10,1891,#dddddd
Blackburn Rovers,146,110,5,1892,#004f9c
Accrington,109,81,8,1892,#ae222d
Blackburn Rovers,183,146,6,1893,#004f9c
Preston North End,229,254,1,1894,#dddddd
Everton,228,209,2,1894,#091453
Sunderland,223,168,3,1894,#ae222d
Aston Villa,210,188,4,1894,#7a003d
Blackburn Rovers,197,183,5,1894,#004f9c
Bolton Wanderers,197,195,5,1894,#dddddd
Wolverhampton Wanderers,195,190,7,1894,#faa61a
Burnley,176,151,8,1894,#7a003d
Derby County,174,145,9,1894,#dddddd
West Bromwich Albion,164,150,10,1894,#091453
Sunderland,291,223,1,1895,#ae222d
Everton,243,228,2,1895,#091453
Aston Villa,240,210,3,1895,#7a003d
Preston North End,231,229,4,1895,#dddddd
Bolton Wanderers,203,197,5,1895,#dddddd
Blackburn Rovers,201,197,6,1895,#004f9c
Burnley,196,176,7,1895,#7a003d
Wolverhampton Wanderers,194,195,8,1895,#faa61a
Derby County,174,174,9,1895,#dddddd
West Bromwich Albion,162,164,10,1895,#091453
Sunderland,308,291,1,1896,#ae222d
Aston Villa,280,240,2,1896,#7a003d
Everton,255,243,3,1896,#091453
Preston North End,231,231,4,1896,#dddddd
Bolton Wanderers,219,203,5,1896,#dddddd
Derby County,210,174,6,1896,#dddddd
Blackburn Rovers,207,201,7,1896,#004f9c
Burnley,203,196,8,1896,#7a003d
Wolverhampton Wanderers,187,194,9,1896,#faa61a
Stoke City,180,135,10,1896,#ae222d
Stoke City,197,180,9,1897,#ae222d
Sheffield Wednesday,196,155,10,1897,#004f9c
Aston Villa,299,303,1,1898,#7a003d
Sunderland,258,275,2,1898,#ae222d
Everton,256,260,3,1898,#091453
Sheffield United,234,175,4,1898,#ae222d
Derby County,231,228,5,1898,#dddddd
Sheffield Wednesday,205,196,6,1898,#004f9c
Nottingham Forest,203,199,7,1898,#ae222d
Stoke City,0,63,7,1898,#ae222d
Blackburn Rovers,201,207,8,1898,#004f9c
Bolton Wanderers,200,208,9,1898,#dddddd
Preston North End,199,221,10,1898,#dddddd
Aston Villa,300,299,1,1899,#7a003d
Everton,261,256,2,1899,#091453
Sunderland,254,258,3,1899,#ae222d
Sheffield United,228,234,4,1899,#ae222d
Derby County,226,231,5,1899,#dddddd
Preston North End,205,199,6,1899,#dddddd
Sheffield Wednesday,202,205,7,1899,#004f9c
Wolverhampton Wanderers,202,198,7,1899,#faa61a
Preston North End,0,0,8,1899,#dddddd
Blackburn Rovers,201,201,9,1899,#004f9c
Nottingham Forest,201,203,9,1899,#ae222d
Aston Villa,316,300,1,1900,#7a003d
Sheffield United,248,228,2,1900,#ae222d
Everton,247,261,3,1900,#091453
Sunderland,246,254,4,1900,#ae222d
Derby County,246,226,4,1900,#dddddd
Wolverhampton Wanderers,222,202,6,1900,#faa61a
Stoke City,206,192,7,1900,#ae222d
Bury,205,160,8,1900,#004f9c
Preston North End,0,0,8,1900,#dddddd
Nottingham Forest,204,201,9,1900,#ae222d
Blackburn Rovers,201,201,10,1900,#004f9c
Aston Villa,291,316,1,1901,#7a003d
Liverpool,257,193,2,1901,#ae222d
Sheffield United,255,248,3,1901,#ae222d
Sunderland,252,246,4,1901,#ae222d
Everton,245,247,5,1901,#091453
Derby County,231,246,6,1901,#dddddd
Wolverhampton Wanderers,231,222,6,1901,#faa61a
Stoke City,0,0,7,1901,#ae222d
Nottingham Forest,223,204,8,1901,#ae222d
Bury,221,205,9,1901,#004f9c
Blackburn Rovers,205,201,10,1901,#004f9c
Sunderland,285,252,1,1902,#ae222d
Aston Villa,270,291,2,1902,#7a003d
Everton,258,245,3,1902,#091453
Liverpool,254,257,4,1902,#ae222d
Sheffield United,252,255,5,1902,#ae222d
Wolverhampton Wanderers,237,231,6,1902,#faa61a
Nottingham Forest,236,223,7,1902,#ae222d
Bury,228,221,8,1902,#004f9c
Derby County,227,231,9,1902,#dddddd
Notts County,223,177,10,1902,#252525
Sunderland,289,285,1,1903,#ae222d
Aston Villa,283,270,2,1903,#7a003d
Liverpool,270,254,3,1903,#ae222d
Everton,255,258,4,1903,#091453
Sheffield United,249,252,5,1903,#ae222d
Bury,247,228,6,1903,#004f9c
Nottingham Forest,243,236,7,1903,#ae222d
Derby County,239,227,8,1903,#dddddd
Newcastle United,239,193,8,1903,#252525
Wolverhampton Wanderers,235,237,10,1903,#faa61a
Sunderland,294,289,1,1904,#ae222d
Aston Villa,277,283,2,1904,#7a003d
Wolverhampton Wanderers,0,77,2,1904,#faa61a
Everton,264,255,3,1904,#091453
Sheffield United,264,249,3,1904,#ae222d
Newcastle United,258,239,5,1904,#252525
Liverpool,243,270,6,1904,#ae222d
Nottingham Forest,241,243,7,1904,#ae222d
Wolverhampton Wanderers,236,235,8,1904,#faa61a
Bury,234,247,9,1904,#004f9c
Derby County,229,239,10,1904,#dddddd
Sunderland,290,294,1,1905,#ae222d
Everton,286,264,2,1905,#091453
Wolverhampton Wanderers,0,0,2,1905,#faa61a
Newcastle United,280,258,3,1905,#252525
Sheffield Wednesday,271,224,4,1905,#004f9c
Aston Villa,266,277,5,1905,#7a003d
Sheffield United,257,264,6,1905,#ae222d
Nottingham Forest,228,241,7,1905,#ae222d
Bury,223,234,8,1905,#004f9c
Derby County,223,229,8,1905,#dddddd
Wolverhampton Wanderers,219,236,10,1905,#faa61a
Newcastle United,289,280,1,1906,#252525
Everton,285,286,2,1906,#091453
Wolverhampton Wanderers,0,0,2,1906,#faa61a
Sheffield Wednesday,284,271,3,1906,#004f9c
Aston Villa,283,266,4,1906,#7a003d
Sunderland,282,290,5,1906,#ae222d
Sheffield United,265,257,6,1906,#ae222d
Manchester City,230,213,7,1906,#5cbfeb
Derby County,229,223,8,1906,#dddddd
Stoke City,229,212,8,1906,#ae222d
Blackburn Rovers,225,214,10,1906,#004f9c
Newcastle United,311,289,1,1907,#252525
Aston Villa,299,283,2,1907,#7a003d
Everton,292,285,3,1907,#091453
Sheffield Wednesday,284,284,4,1907,#004f9c
Sheffield United,281,265,5,1907,#ae222d
Sunderland,270,282,6,1907,#ae222d
Manchester City,233,230,7,1907,#5cbfeb
Stoke City,0,0,7,1907,#ae222d
Blackburn Rovers,223,225,8,1907,#004f9c
Stoke City,221,229,9,1907,#ae222d
Derby County,217,229,10,1907,#dddddd
Newcastle United,322,311,1,1908,#252525
Aston Villa,299,299,2,1908,#7a003d
Everton,298,292,3,1908,#091453
Manchester City,292,233,4,1908,#5cbfeb
Sheffield Wednesday,284,284,5,1908,#004f9c
Sheffield United,272,281,6,1908,#ae222d
Sunderland,264,270,7,1908,#ae222d
Birmingham City,247,208,8,1908,#004f9c
Blackburn Rovers,230,223,9,1908,#004f9c
Middlesbrough,224,212,10,1908,#ae222d
Newcastle United,339,322,1,1909,#252525
Everton,300,298,2,1909,#091453
Aston Villa,293,299,3,1909,#7a003d
Manchester City,278,292,4,1909,#5cbfeb
Sheffield Wednesday,274,284,5,1909,#004f9c
Sunderland,273,264,6,1909,#ae222d
Sheffield United,270,272,7,1909,#ae222d
Arsenal,261,209,8,1909,#ae222d
Preston North End,260,210,9,1909,#dddddd
Blackburn Rovers,246,230,10,1909,#004f9c
Newcastle United,332,339,1,1910,#252525
Aston Villa,308,293,2,1910,#7a003d
Liverpool,294,225,3,1910,#ae222d
Everton,288,300,4,1910,#091453
Sheffield Wednesday,281,274,5,1910,#004f9c
Sunderland,276,273,6,1910,#ae222d
Blackburn Rovers,271,246,7,1910,#004f9c
Sheffield United,269,270,8,1910,#ae222d
Preston North End,261,260,9,1910,#dddddd
Arsenal,258,261,10,1910,#ae222d
Newcastle United,326,332,1,1911,#252525
Aston Villa,324,308,2,1911,#7a003d
Manchester United,324,250,2,1911,#ae222d
Everton,300,288,4,1911,#091453
Sunderland,286,276,5,1911,#ae222d
Sheffield Wednesday,278,281,6,1911,#004f9c
Liverpool,272,294,7,1911,#ae222d
Sheffield United,271,269,8,1911,#ae222d
Blackburn Rovers,265,271,9,1911,#004f9c
Arsenal,257,258,10,1911,#ae222d
Aston Villa,319,324,1,1912,#7a003d
Manchester United,315,324,2,1912,#ae222d
Newcastle United,315,326,2,1912,#252525
Everton,301,300,4,1912,#091453
Sheffield Wednesday,288,278,5,1912,#004f9c
Sunderland,288,286,5,1912,#ae222d
Blackburn Rovers,285,265,7,1912,#004f9c
Liverpool,272,272,8,1912,#ae222d
Sheffield United,258,271,9,1912,#ae222d
Notts County,253,243,10,1912,#252525
Aston Villa,328,319,1,1913,#7a003d
Sunderland,316,288,2,1913,#ae222d
Manchester United,305,315,3,1913,#ae222d
Newcastle United,305,315,3,1913,#252525
Everton,302,301,5,1913,#091453
Blackburn Rovers,298,285,6,1913,#004f9c
Sheffield Wednesday,297,288,7,1913,#004f9c
Liverpool,271,272,8,1913,#ae222d
Bradford City,270,223,9,1913,#7a003d
Sheffield United,259,258,10,1913,#ae222d
Aston Villa,339,328,1,1914,#7a003d
Blackburn Rovers,314,298,2,1914,#004f9c
Sunderland,308,316,3,1914,#ae222d
Manchester United,304,305,4,1914,#ae222d
Sheffield Wednesday,287,297,5,1914,#004f9c
Everton,285,302,6,1914,#091453
Newcastle United,278,305,7,1914,#252525
Bradford City,274,270,8,1914,#7a003d
Liverpool,269,271,9,1914,#ae222d
Sheffield United,261,259,10,1914,#ae222d
Aston Villa,313,339,1,1915,#7a003d
Blackburn Rovers,312,314,2,1915,#004f9c
Sunderland,308,308,3,1915,#ae222d
Everton,294,285,4,1915,#091453
Sheffield Wednesday,291,287,5,1915,#004f9c
Oldham Athletic,281,219,6,1915,#091453
Manchester United,279,304,7,1915,#ae222d
Bradford City,268,274,8,1915,#7a003d
Sheffield United,261,261,9,1915,#ae222d
Manchester City,258,200,10,1915,#5cbfeb
Blackburn Rovers,262,312,1,1916,#004f9c
Sunderland,248,308,2,1916,#ae222d
Aston Villa,240,313,3,1916,#7a003d
Sheffield Wednesday,232,291,4,1916,#004f9c
Everton,230,294,5,1916,#091453
Oldham Athletic,224,281,6,1916,#091453
Bolton Wanderers,220,220,7,1916,#dddddd
Manchester City,218,258,8,1916,#5cbfeb
West Bromwich Albion,218,218,8,1916,#091453
Middlesbrough,212,255,10,1916,#ae222d
Sunderland,195,248,1,1917,#ae222d
Blackburn Rovers,193,262,2,1917,#004f9c
Aston Villa,182,240,3,1917,#7a003d
Middlesbrough,0,69,4,1917,#ae222d
Oldham Athletic,178,224,4,1917,#091453
Sheffield Wednesday,175,232,5,1917,#004f9c
Manchester City,170,218,6,1917,#5cbfeb
Everton,164,230,7,1917,#091453
West Bromwich Albion,164,218,7,1917,#091453
Sheffield United,159,208,9,1917,#ae222d
Bolton Wanderers,157,220,10,1917,#dddddd
Blackburn Rovers,132,193,1,1918,#004f9c
Oldham Athletic,122,178,2,1918,#091453
Sunderland,116,195,3,1918,#ae222d
Aston Villa,113,182,4,1918,#7a003d
Middlesbrough,113,156,4,1918,#ae222d
West Bromwich Albion,113,164,4,1918,#091453
Everton,112,164,7,1918,#091453
Sheffield United,111,159,8,1918,#ae222d
Burnley,109,109,9,1918,#7a003d
Manchester City,108,170,10,1918,#5cbfeb
Everton,65,112,1,1919,#091453
Oldham Athletic,62,122,2,1919,#091453
Blackburn Rovers,61,132,3,1919,#004f9c
Burnley,61,109,3,1919,#7a003d
Middlesbrough,0,0,4,1919,#ae222d
Sunderland,59,116,5,1919,#ae222d
Preston North End,221,231,5,1919,#dddddd
Sheffield Wednesday,58,105,6,1919,#004f9c
Manchester City,58,108,6,1919,#5cbfeb
Sheffield United,58,111,6,1919,#ae222d
Bradford Park Avenue,58,58,6,1919,#7a003d
West Bromwich Albion,55,113,10,1919,#091453
Everton,0,86,1,1920,#091453
West Bromwich Albion,88,55,1,1920,#091453
Burnley,72,61,2,1920,#7a003d
Chelsea,71,37,3,1920,#004f9c
Sunderland,70,59,4,1920,#ae222d
Liverpool,67,51,5,1920,#ae222d
Bolton Wanderers,66,41,6,1920,#dddddd
Manchester City,63,58,7,1920,#5cbfeb
Aston Villa,60,50,8,1920,#7a003d
Nottingham Forest,199,164,8,1920,#ae222d
Newcastle United,60,43,8,1920,#252525
Preston North End,0,60,8,1920,#dddddd
Arsenal,57,0,10,1920,#ae222d
Burnley,154,72,1,1921,#7a003d
Manchester City,141,63,2,1921,#5cbfeb
West Bromwich Albion,141,88,2,1921,#091453
Bolton Wanderers,137,66,4,1921,#dddddd
Liverpool,136,67,5,1921,#ae222d
Newcastle United,130,60,6,1921,#252525
Sunderland,125,70,7,1921,#ae222d
Chelsea,123,71,8,1921,#004f9c
Aston Villa,121,60,9,1921,#7a003d
Middlesbrough,118,55,10,1921,#ae222d
Burnley,225,154,1,1922,#7a003d
Liverpool,215,136,2,1922,#ae222d
Manchester City,204,141,3,1922,#5cbfeb
Bolton Wanderers,204,137,3,1922,#dddddd
Middlesbrough,0,0,4,1922,#ae222d
West Bromwich Albion,196,141,5,1922,#091453
Newcastle United,194,130,6,1922,#252525
Aston Villa,190,121,7,1922,#7a003d
Chelsea,186,123,8,1922,#004f9c
Sunderland,181,125,9,1922,#ae222d
Middlesbrough,180,118,10,1922,#ae222d
Liverpool,301,215,1,1923,#ae222d
Burnley,279,225,2,1923,#7a003d
Manchester City,266,204,3,1923,#5cbfeb
Newcastle United,260,194,4,1923,#252525
Bolton Wanderers,258,204,5,1923,#dddddd
West Bromwich Albion,258,196,5,1923,#091453
Sunderland,257,181,7,1923,#ae222d
Aston Villa,254,190,8,1923,#7a003d
Chelsea,231,186,9,1923,#004f9c
Everton,229,162,10,1923,#091453
Everton,0,0,1,1924,#091453
Liverpool,357,301,1,1924,#ae222d
Sunderland,332,257,2,1924,#ae222d
Burnley,327,279,3,1924,#7a003d
Bolton Wanderers,326,258,4,1924,#dddddd
Manchester City,323,266,5,1924,#5cbfeb
Aston Villa,321,254,6,1924,#7a003d
Newcastle United,321,260,6,1924,#252525
Bolton Wanderers,0,60,8,1924,#dddddd
West Bromwich Albion,308,258,8,1924,#091453
Everton,296,229,9,1924,#091453
Sheffield United,274,205,10,1924,#ae222d
Everton,0,0,1,1925,#091453
Liverpool,360,357,1,1925,#ae222d
Huddersfield Town,341,262,2,1925,#004f9c
Bolton Wanderers,337,326,3,1925,#dddddd
Sunderland,329,332,4,1925,#ae222d
Newcastle United,325,321,5,1925,#252525
Manchester City,320,323,6,1925,#5cbfeb
Aston Villa,313,321,7,1925,#7a003d
Bolton Wanderers,0,0,8,1925,#dddddd
Tottenham Hotspur,303,246,8,1925,#dddddd
Burnley,300,327,9,1925,#7a003d
West Bromwich Albion,299,308,10,1925,#091453
Huddersfield Town,367,341,1,1926,#004f9c
Liverpool,349,360,2,1926,#ae222d
Sunderland,343,329,3,1926,#ae222d
Bolton Wanderers,327,337,4,1926,#dddddd
Cardiff,321,266,5,1926,#004f9c
Newcastle United,313,325,6,1926,#252525
Aston Villa,312,313,7,1926,#7a003d
Bolton Wanderers,0,0,8,1926,#dddddd
West Bromwich Albion,302,299,8,1926,#091453
Sheffield United,299,270,9,1926,#ae222d
Tottenham Hotspur,291,303,10,1926,#dddddd
Huddersfield Town,381,367,1,1927,#004f9c
Sunderland,357,343,2,1927,#ae222d
Liverpool,331,349,3,1927,#ae222d
Newcastle United,330,313,4,1927,#252525
Bolton Wanderers,327,327,5,1927,#dddddd
Cardiff,311,321,6,1927,#004f9c
Sheffield United,305,299,7,1927,#ae222d
Aston Villa,304,312,8,1927,#7a003d
West Bromwich Albion,288,302,9,1927,#091453
Arsenal,284,276,10,1927,#ae222d
Huddersfield Town,380,381,1,1928,#004f9c
Sunderland,335,357,2,1928,#ae222d
Bolton Wanderers,332,327,3,1928,#dddddd
Newcastle United,322,330,4,1928,#252525
Cardiff,311,311,5,1928,#004f9c
Sheffield United,302,305,6,1928,#ae222d
Aston Villa,300,304,7,1928,#7a003d
Liverpool,297,331,8,1928,#ae222d
Everton,287,281,9,1928,#091453
West Ham United,281,228,10,1928,#7a003d
Huddersfield Town,353,380,1,1929,#004f9c
Sunderland,327,335,2,1929,#ae222d
Newcastle United,324,322,3,1929,#252525
Bolton Wanderers,318,332,4,1929,#dddddd
Aston Villa,306,300,5,1929,#7a003d
Liverpool,304,297,6,1929,#ae222d
Arsenal,296,280,7,1929,#ae222d
Sheffield United,289,302,8,1929,#ae222d
Bury,288,245,9,1929,#004f9c
Birmingham City,283,280,10,1929,#004f9c
Huddersfield Town,334,353,1,1930,#004f9c
Aston Villa,322,306,2,1930,#7a003d
Sunderland,321,327,3,1930,#ae222d
Leicester City,313,253,4,1930,#091453
Newcastle United,312,324,5,1930,#252525
Arsenal,302,296,6,1930,#ae222d
Bolton Wanderers,295,318,7,1930,#dddddd
Blackburn Rovers,292,274,8,1930,#004f9c
Liverpool,291,304,9,1930,#ae222d
Sheffield United,288,289,10,1930,#ae222d
Aston Villa,346,322,1,1931,#7a003d
Sheffield Wednesday,339,265,2,1931,#004f9c
Arsenal,322,302,3,1931,#ae222d
Huddersfield Town,320,334,4,1931,#004f9c
Derby County,318,254,5,1931,#dddddd
Leicester City,315,313,6,1931,#091453
Sunderland,309,321,7,1931,#ae222d
Newcastle United,305,312,8,1931,#252525
Blackburn Rovers,295,292,9,1931,#004f9c
Liverpool,290,291,10,1931,#ae222d
Sheffield Wednesday,357,339,1,1932,#004f9c
Aston Villa,350,346,2,1932,#7a003d
Arsenal,338,322,3,1932,#ae222d
Huddersfield Town,319,320,4,1932,#004f9c
Derby County,312,318,5,1932,#dddddd
Leicester City,304,315,6,1932,#091453
Blackburn Rovers,296,295,7,1932,#004f9c
Sunderland,294,309,8,1932,#ae222d
Portsmouth,292,228,9,1932,#004f9c
Liverpool,292,290,9,1932,#ae222d
Sheffield Wednesday,377,357,1,1933,#004f9c
Aston Villa,367,350,2,1933,#7a003d
Arsenal,367,338,2,1933,#ae222d
Huddersfield Town,311,319,4,1933,#004f9c
Derby County,310,312,5,1933,#dddddd
Portsmouth,298,292,6,1933,#004f9c
Manchester City,297,244,7,1933,#5cbfeb
Newcastle United,297,284,7,1933,#252525
Sunderland,295,294,9,1933,#ae222d
Liverpool,293,292,10,1933,#ae222d
Arsenal,390,367,1,1934,#ae222d
Sheffield Wednesday,361,377,2,1934,#004f9c
Aston Villa,348,367,3,1934,#7a003d
Huddersfield Town,337,311,4,1934,#004f9c
Derby County,308,310,5,1934,#dddddd
Portsmouth,304,298,6,1934,#004f9c
Manchester City,296,297,7,1934,#5cbfeb
Blackburn Rovers,290,291,8,1934,#004f9c
Sunderland,288,295,9,1934,#ae222d
Liverpool,282,293,10,1934,#ae222d
Arsenal,418,390,1,1935,#ae222d
Sheffield Wednesday,342,361,2,1935,#004f9c
Aston Villa,335,348,3,1935,#7a003d
Huddersfield Town,329,337,4,1935,#004f9c
Portsmouth,304,304,5,1935,#004f9c
Arsenal,0,66,5,1935,#ae222d
Sunderland,300,288,6,1935,#ae222d
Derby County,300,308,6,1935,#dddddd
Derby County,0,65,6,1935,#dddddd
Manchester City,298,296,8,1935,#5cbfeb
Liverpool,289,282,9,1935,#ae222d
Blackburn Rovers,279,290,10,1935,#004f9c
Arsenal,384,418,1,1936,#ae222d
Huddersfield Town,329,329,2,1936,#004f9c
Sunderland,324,300,3,1936,#ae222d
Sheffield Wednesday,319,342,4,1936,#004f9c
Arsenal,0,0,5,1936,#ae222d
West Bromwich Albion,311,257,5,1936,#091453
Everton,303,251,6,1936,#091453
Derby County,0,0,6,1936,#dddddd
Derby County,302,300,7,1936,#dddddd
Aston Villa,299,335,8,1936,#7a003d
Portsmouth,296,304,9,1936,#004f9c
Manchester City,293,298,10,1936,#5cbfeb
Arsenal,378,384,1,1937,#ae222d
Sunderland,332,324,2,1937,#ae222d
Manchester City,321,293,3,1937,#5cbfeb
Derby County,320,302,4,1937,#dddddd
Huddersfield Town,313,329,5,1937,#004f9c
Arsenal,0,0,5,1937,#ae222d
Derby County,0,0,6,1937,#dddddd
West Bromwich Albion,299,311,6,1937,#091453
Portsmouth,293,296,7,1937,#004f9c
Sheffield Wednesday,286,319,8,1937,#004f9c
Wolverhampton Wanderers,278,210,9,1937,#faa61a
Leeds United,274,225,10,1937,#dddddd
Arsenal,368,378,1,1938,#ae222d
Sunderland,335,332,2,1938,#ae222d
Manchester City,318,321,3,1938,#5cbfeb
Derby County,316,320,4,1938,#dddddd
Huddersfield Town,304,313,5,1938,#004f9c
Wolverhampton Wanderers,301,278,6,1938,#faa61a
Stoke City,291,240,7,1938,#ae222d
Middlesbrough,284,270,8,1938,#ae222d
Portsmouth,283,293,9,1938,#004f9c
West Bromwich Albion,280,299,10,1938,#091453
Arsenal,350,368,1,1939,#ae222d
Sunderland,326,335,2,1939,#ae222d
Wolverhampton Wanderers,324,301,3,1939,#faa61a
Derby County,319,316,4,1939,#dddddd
Everton,304,270,5,1939,#091453
Preston North End,299,239,6,1939,#dddddd
Middlesbrough,298,284,7,1939,#ae222d
Stoke City,298,291,7,1939,#ae222d
Grimsby Town,286,227,9,1939,#252525
Portsmouth,275,283,10,1939,#004f9c
Wolverhampton Wanderers,271,324,1,1940,#faa61a
Arsenal,269,350,2,1940,#ae222d
Derby County,256,319,3,1940,#dddddd
Middlesbrough,254,298,4,1940,#ae222d
Sunderland,253,326,5,1940,#ae222d
Everton,244,304,6,1940,#091453
Preston North End,242,299,7,1940,#dddddd
Brentford,240,240,8,1940,#ae222d
Stoke City,238,298,9,1940,#ae222d
Grimsby Town,224,286,10,1940,#252525
Wolverhampton Wanderers,216,271,1,1941,#faa61a
Arsenal,209,269,2,1941,#ae222d
Charlton Athletic,209,209,2,1941,#ae222d
Middlesbrough,199,254,4,1941,#ae222d
Everton,192,244,5,1941,#091453
Derby County,190,256,6,1941,#dddddd
Preston North End,180,242,7,1941,#dddddd
Brentford,177,240,8,1941,#ae222d
Sunderland,172,253,9,1941,#ae222d
Stoke City,171,238,10,1941,#ae222d
Wolverhampton Wanderers,148,216,1,1942,#faa61a
Everton,141,192,2,1942,#091453
Arsenal,139,209,3,1942,#ae222d
Bolton Wanderers,150,97,3,1942,#dddddd
Charlton Athletic,134,209,4,1942,#ae222d
Middlesbrough,134,199,4,1942,#ae222d
Preston North End,125,180,6,1942,#dddddd
Bolton Wanderers,120,164,7,1942,#dddddd
Derby County,120,190,7,1942,#dddddd
Leeds United,114,163,9,1942,#dddddd
Stoke City,114,171,9,1942,#ae222d
Everton,86,141,1,1943,#091453
Wolverhampton Wanderers,77,148,2,1943,#faa61a
Charlton Athletic,72,134,3,1943,#ae222d
Middlesbrough,69,134,4,1943,#ae222d
Arsenal,66,139,5,1943,#ae222d
Derby County,65,120,6,1943,#dddddd
Stoke City,63,114,7,1943,#ae222d
Bolton Wanderers,60,120,8,1943,#dddddd
Preston North End,60,125,8,1943,#dddddd
Grimsby Town,59,110,10,1943,#252525
Liverpool,82,0,1,1947,#ae222d
Wolverhampton Wanderers,81,0,2,1947,#faa61a
Stoke City,79,0,3,1947,#ae222d
Manchester United,78,0,4,1947,#ae222d
Blackpool,72,0,5,1947,#faa61a
Sheffield United,70,0,6,1947,#ae222d
Preston North End,65,0,7,1947,#dddddd
Aston Villa,63,0,8,1947,#7a003d
Sunderland,62,0,9,1947,#ae222d
Everton,60,0,10,1947,#091453
Manchester United,149,78,1,1948,#ae222d
Wolverhampton Wanderers,147,81,2,1948,#faa61a
Liverpool,140,82,3,1948,#ae222d
Bolton Wanderers,195,150,3,1948,#dddddd
Arsenal,139,57,4,1948,#ae222d
Blackpool,133,72,5,1948,#faa61a
Preston North End,132,65,6,1948,#dddddd
Stoke City,131,79,7,1948,#ae222d
Aston Villa,129,63,8,1948,#7a003d
Sheffield United,128,70,9,1948,#ae222d
Derby County,128,59,9,1948,#dddddd
Manchester United,223,149,1,1949,#ae222d
Wolverhampton Wanderers,210,147,2,1949,#faa61a
Arsenal,206,139,3,1949,#ae222d
Portsmouth,204,121,4,1949,#004f9c
Derby County,203,128,5,1949,#dddddd
Liverpool,193,140,6,1949,#ae222d
Stoke City,188,131,7,1949,#ae222d
Aston Villa,187,129,8,1949,#7a003d
Blackpool,182,133,9,1949,#faa61a
Preston North End,176,132,10,1949,#dddddd
Manchester United,291,223,1,1950,#ae222d
Wolverhampton Wanderers,283,210,2,1950,#faa61a
Portsmouth,279,204,3,1950,#004f9c
Arsenal,274,206,4,1950,#ae222d
Derby County,264,203,5,1950,#dddddd
Liverpool,258,193,6,1950,#ae222d
Blackpool,248,182,7,1950,#faa61a
Aston Villa,244,187,8,1950,#7a003d
Sunderland,240,167,9,1950,#ae222d
Stoke City,233,188,10,1950,#ae222d
Manchester United,371,291,1,1951,#ae222d
Portsmouth,342,279,2,1951,#004f9c
Arsenal,340,274,3,1951,#ae222d
Wolverhampton Wanderers,336,283,4,1951,#faa61a
Derby County,320,264,5,1951,#dddddd
Blackpool,318,248,6,1951,#faa61a
Liverpool,317,258,7,1951,#ae222d
Aston Villa,293,244,8,1951,#7a003d
Sunderland,292,240,9,1951,#ae222d
Middlesbrough,287,222,10,1951,#ae222d
Manchester United,373,371,1,1952,#ae222d
Arsenal,357,340,2,1952,#ae222d
Portsmouth,353,342,3,1952,#004f9c
Derby County,313,320,4,1952,#dddddd
Blackpool,309,318,5,1952,#faa61a
Wolverhampton Wanderers,305,336,6,1952,#faa61a
Aston Villa,296,293,7,1952,#7a003d
Burnley,294,239,8,1952,#7a003d
Liverpool,290,317,9,1952,#ae222d
Sunderland,287,292,10,1952,#ae222d
Manchester United,366,373,1,1953,#ae222d
Arsenal,350,357,2,1953,#ae222d
Portsmouth,341,353,3,1953,#004f9c
Newcastle United,322,271,4,1953,#252525
Blackpool,314,309,5,1953,#faa61a
Wolverhampton Wanderers,309,305,6,1953,#faa61a
Sunderland,296,287,7,1953,#ae222d
Burnley,288,294,8,1953,#7a003d
Derby County,287,313,9,1953,#dddddd
Aston Villa,285,296,10,1953,#7a003d
Manchester United,358,366,1,1954,#ae222d
Arsenal,341,350,2,1954,#ae222d
Blackpool,332,314,3,1954,#faa61a
Wolverhampton Wanderers,328,309,4,1954,#faa61a
Portsmouth,311,341,5,1954,#004f9c
Burnley,305,288,6,1954,#7a003d
Bolton Wanderers,208,219,6,1954,#dddddd
West Bromwich Albion,305,230,6,1954,#091453
Newcastle United,302,322,8,1954,#252525
Bolton Wanderers,295,281,9,1954,#dddddd
Sunderland,290,296,10,1954,#ae222d
Manchester United,357,358,1,1955,#ae222d
Arsenal,333,341,2,1955,#ae222d
Tottenham Hotspur,325,269,3,1955,#dddddd
Wolverhampton Wanderers,322,328,4,1955,#faa61a
Blackpool,318,332,5,1955,#faa61a
West Bromwich Albion,307,305,6,1955,#091453
Burnley,304,305,7,1955,#7a003d
Bolton Wanderers,303,295,8,1955,#dddddd
Portsmouth,302,311,9,1955,#004f9c
Charlton Athletic,298,288,10,1955,#ae222d
Manchester United,362,357,1,1956,#ae222d
Wolverhampton Wanderers,338,322,2,1956,#faa61a
Arsenal,331,333,3,1956,#ae222d
Blackpool,317,318,4,1956,#faa61a
West Bromwich Albion,316,307,5,1956,#091453
Burnley,310,304,6,1956,#7a003d
Preston North End,306,256,7,1956,#dddddd
Charlton Athletic,304,298,8,1956,#ae222d
Bolton Wanderers,300,303,9,1956,#dddddd
Portsmouth,296,302,10,1956,#004f9c
Manchester United,374,362,1,1957,#ae222d
Wolverhampton Wanderers,356,338,2,1957,#faa61a
Blackpool,329,317,3,1957,#faa61a
Arsenal,328,331,4,1957,#ae222d
Preston North End,322,306,5,1957,#dddddd
Burnley,319,310,6,1957,#7a003d
West Bromwich Albion,317,316,7,1957,#091453
Tottenham Hotspur,295,292,8,1957,#dddddd
Bolton Wanderers,293,300,9,1957,#dddddd
Chelsea,284,282,10,1957,#004f9c
Wolverhampton Wanderers,378,356,1,1958,#faa61a
Manchester United,369,374,2,1958,#ae222d
Preston North End,332,322,3,1958,#dddddd
Blackpool,326,329,4,1958,#faa61a
Burnley,321,319,5,1958,#7a003d
West Bromwich Albion,314,317,6,1958,#091453
Tottenham Hotspur,311,295,7,1958,#dddddd
Arsenal,308,328,8,1958,#ae222d
Manchester City,298,276,9,1958,#5cbfeb
Chelsea,294,284,10,1958,#004f9c
Wolverhampton Wanderers,385,378,1,1959,#faa61a
Manchester United,382,369,2,1959,#ae222d
Preston North End,328,332,3,1959,#dddddd
Blackpool,324,326,4,1959,#faa61a
Burnley,321,321,5,1959,#7a003d
Arsenal,321,308,5,1959,#ae222d
Tottenham Hotspur,307,311,7,1959,#dddddd
West Bromwich Albion,306,314,8,1959,#091453
Bolton Wanderers,295,291,9,1959,#dddddd
Chelsea,292,294,10,1959,#004f9c
Wolverhampton Wanderers,396,385,1,1960,#faa61a
Manchester United,379,382,2,1960,#ae222d
Burnley,340,321,3,1960,#7a003d
Preston North End,332,328,4,1960,#dddddd
Blackpool,327,324,5,1960,#faa61a
Tottenham Hotspur,325,307,6,1960,#dddddd
West Bromwich Albion,318,306,7,1960,#091453
Arsenal,315,321,8,1960,#ae222d
Bolton Wanderers,311,295,9,1960,#dddddd
Birmingham City,285,236,10,1960,#004f9c
Wolverhampton Wanderers,409,396,1,1961,#faa61a
Tottenham Hotspur,370,325,2,1961,#dddddd
Manchester United,357,379,3,1961,#ae222d
Wolverhampton Wanderers,150,113,3,1961,#faa61a
Burnley,351,340,4,1961,#7a003d
Preston North End,322,332,5,1961,#dddddd
West Bromwich Albion,318,318,6,1961,#091453
Blackburn Rovers,207,207,7,1961,#004f9c
Arsenal,307,315,7,1961,#ae222d
Blackpool,303,327,8,1961,#faa61a
Bolton Wanderers,297,311,9,1961,#dddddd
Everton,279,262,10,1961,#091453
Wolverhampton Wanderers,390,409,1,1962,#faa61a
Tottenham Hotspur,365,370,2,1962,#dddddd
Burnley,361,351,3,1962,#7a003d
Wolverhampton Wanderers,190,150,4,1962,#faa61a
West Bromwich Albion,320,318,4,1962,#091453
Manchester United,319,357,5,1962,#ae222d
Everton,298,279,6,1962,#091453
Arsenal,295,307,7,1962,#ae222d
Bolton Wanderers,295,297,7,1962,#dddddd
Derby County,109,75,8,1962,#dddddd
Blackpool,284,303,9,1962,#faa61a
Manchester City,275,265,10,1962,#5cbfeb
Tottenham Hotspur,371,365,1,1963,#dddddd
Burnley,369,361,2,1963,#7a003d
Wolverhampton Wanderers,368,390,3,1963,#faa61a
Everton,334,298,4,1963,#091453
West Bromwich Albion,307,320,5,1963,#091453
Manchester United,306,319,6,1963,#ae222d
Arsenal,304,295,7,1963,#ae222d
Bolton Wanderers,293,295,8,1963,#dddddd
Leicester City,287,262,9,1963,#091453
West Ham United,287,233,9,1963,#7a003d
Tottenham Hotspur,395,371,1,1964,#dddddd
Burnley,363,369,2,1964,#7a003d
Everton,352,334,3,1964,#091453
Sheffield Wednesday,350,282,4,1964,#004f9c
Wolverhampton Wanderers,330,368,5,1964,#faa61a
Manchester United,303,306,6,1964,#ae222d
Leicester City,303,287,6,1964,#091453
West Bromwich Albion,299,307,8,1964,#091453
Arsenal,295,304,9,1964,#ae222d
Blackburn Rovers,285,282,10,1964,#004f9c
Tottenham Hotspur,385,395,1,1965,#dddddd
Everton,368,352,2,1965,#091453
Burnley,342,363,3,1965,#7a003d
Sheffield Wednesday,341,350,4,1965,#004f9c
Manchester United,326,303,5,1965,#ae222d
Arsenal,299,295,6,1965,#ae222d
Leicester City,297,303,7,1965,#091453
Wolverhampton Wanderers,295,330,8,1965,#faa61a
Blackburn Rovers,290,285,9,1965,#004f9c
West Bromwich Albion,283,299,10,1965,#091453
Everton,352,368,1,1966,#091453
Everton,157,117,2,1966,#091453
Burnley,348,342,2,1966,#7a003d
Tottenham Hotspur,348,385,2,1966,#dddddd
Manchester United,332,326,4,1966,#ae222d
Sheffield Wednesday,310,341,5,1966,#004f9c
Leicester City,304,297,6,1966,#091453
West Bromwich Albion,293,283,7,1966,#091453
Arsenal,292,299,8,1966,#ae222d
Liverpool,292,205,8,1966,#ae222d
Sheffield United,291,232,10,1966,#ae222d
Liverpool,362,292,1,1967,#ae222d
Manchester United,362,332,1,1967,#ae222d
Everton,209,157,2,1967,#091453
Tottenham Hotspur,355,348,3,1967,#dddddd
Everton,348,352,4,1967,#091453
Burnley,328,348,5,1967,#7a003d
Nottingham Forest,311,281,6,1967,#ae222d
Leicester City,309,304,7,1967,#091453
Sheffield Wednesday,299,310,8,1967,#004f9c
Arsenal,295,292,9,1967,#ae222d
West Bromwich Albion,290,293,10,1967,#091453
Manchester United,396,362,1,1968,#ae222d
Liverpool,378,362,2,1968,#ae222d
Chelsea,348,282,3,1968,#004f9c
Tottenham Hotspur,343,355,4,1968,#dddddd
Everton,337,348,5,1968,#091453
Leeds United,317,242,6,1968,#dddddd
Burnley,304,328,7,1968,#7a003d
Nottingham Forest,303,311,8,1968,#ae222d
West Bromwich Albion,298,290,9,1968,#091453
Arsenal,292,295,10,1968,#ae222d
Leeds United,411,317,1,1969,#dddddd
Liverpool,381,378,2,1969,#ae222d
Manchester United,377,396,3,1969,#ae222d
Chelsea,348,348,4,1969,#004f9c
Everton,342,337,5,1969,#091453
Tottenham Hotspur,329,343,6,1969,#dddddd
Arsenal,308,292,7,1969,#ae222d
West Bromwich Albion,298,298,8,1969,#091453
Burnley,297,304,9,1969,#7a003d
Nottingham Forest,289,303,10,1969,#ae222d
Leeds United,402,411,1,1970,#dddddd
Liverpool,391,381,2,1970,#ae222d
Everton,371,342,3,1970,#091453
Manchester United,349,377,4,1970,#ae222d
Chelsea,344,348,5,1970,#004f9c
Tottenham Hotspur,325,329,6,1970,#dddddd
Arsenal,304,308,7,1970,#ae222d
West Bromwich Albion,297,298,8,1970,#091453
Burnley,290,297,9,1970,#7a003d
Newcastle United,273,209,10,1970,#252525
Leeds United,415,402,1,1971,#dddddd
Liverpool,372,391,2,1971,#ae222d
Everton,364,371,3,1971,#091453
Arsenal,349,304,4,1971,#ae222d
Chelsea,340,344,5,1971,#004f9c
Manchester United,339,349,6,1971,#ae222d
Tottenham Hotspur,336,325,7,1971,#dddddd
Manchester City,302,249,8,1971,#5cbfeb
Newcastle United,277,273,9,1971,#252525
Nottingham Forest,273,273,10,1971,#ae222d
Leeds United,419,415,1,1972,#dddddd
Liverpool,383,372,2,1972,#ae222d
Arsenal,361,349,3,1972,#ae222d
Chelsea,347,340,4,1972,#004f9c
Everton,342,364,5,1972,#091453
Manchester City,331,302,6,1972,#5cbfeb
Tottenham Hotspur,326,336,7,1972,#dddddd
Manchester United,322,339,8,1972,#ae222d
Newcastle United,288,277,9,1972,#252525
Wolverhampton Wanderers,286,221,10,1972,#faa61a
Leeds United,418,419,1,1973,#dddddd
Liverpool,391,383,2,1973,#ae222d
Arsenal,380,361,3,1973,#ae222d
Chelsea,334,347,4,1973,#004f9c
Tottenham Hotspur,321,326,5,1973,#dddddd
Everton,317,342,6,1973,#091453
Manchester City,303,331,7,1973,#5cbfeb
Wolverhampton Wanderers,301,286,8,1973,#faa61a
Newcastle United,295,288,9,1973,#252525
Manchester United,291,322,10,1973,#ae222d
Leeds United,410,418,1,1974,#dddddd
Liverpool,384,391,2,1974,#ae222d
Arsenal,358,380,3,1974,#ae222d
Derby County,345,280,4,1974,#dddddd
Tottenham Hotspur,318,321,5,1974,#dddddd
Chelsea,313,334,6,1974,#004f9c
Wolverhampton Wanderers,310,301,7,1974,#faa61a
Manchester City,302,303,8,1974,#5cbfeb
Everton,299,317,9,1974,#091453
Newcastle United,287,295,10,1974,#252525
Leeds United,393,410,1,1975,#dddddd
Liverpool,384,384,2,1975,#ae222d
Arsenal,354,358,3,1975,#ae222d
Derby County,344,345,4,1975,#dddddd
Wolverhampton Wanderers,311,310,5,1975,#faa61a
Manchester City,307,302,6,1975,#5cbfeb
Tottenham Hotspur,305,318,7,1975,#dddddd
Ipswich Town,299,266,8,1975,#091453
Chelsea,279,313,9,1975,#004f9c
Newcastle United,277,287,10,1975,#252525
Liverpool,399,384,1,1976,#ae222d
Leeds United,374,393,2,1976,#dddddd
Derby County,360,344,3,1976,#dddddd
Ipswich Town,315,299,4,1976,#091453
Manchester City,313,307,5,1976,#5cbfeb
Arsenal,309,354,6,1976,#ae222d
Tottenham Hotspur,291,305,7,1976,#dddddd
Stoke City,280,273,8,1976,#ae222d
Everton,278,270,9,1976,#091453
Wolverhampton Wanderers,277,311,10,1976,#faa61a
Liverpool,398,399,1,1977,#ae222d
Leeds United,350,374,2,1977,#dddddd
Ipswich Town,340,315,3,1977,#091453
Derby County,324,360,4,1977,#dddddd
Manchester City,310,313,5,1977,#5cbfeb
Arsenal,294,309,6,1977,#ae222d
Everton,289,278,7,1977,#091453
Newcastle United,287,276,8,1977,#252525
Stoke City,279,280,9,1977,#ae222d
Tottenham Hotspur,266,291,10,1977,#dddddd
Liverpool,394,398,1,1978,#ae222d
Leeds United,340,350,2,1978,#dddddd
Manchester City,326,310,3,1978,#5cbfeb
Ipswich Town,321,340,4,1978,#091453
Everton,316,289,5,1978,#091453
Derby County,314,324,6,1978,#dddddd
Queens Park Rangers,290,248,7,1978,#004f9c
Arsenal,287,294,8,1978,#ae222d
Coventry City,267,249,9,1978,#5cbfeb
Birmingham City,254,254,10,1978,#004f9c
Liverpool,413,394,1,1979,#ae222d
Ipswich Town,325,321,2,1979,#091453
Everton,324,316,3,1979,#091453
Manchester City,324,326,3,1979,#5cbfeb
Leeds United,322,340,5,1979,#dddddd
Arsenal,296,287,6,1979,#ae222d
Derby County,290,314,7,1979,#dddddd
Middlesbrough,282,227,8,1979,#ae222d
Coventry City,273,267,9,1979,#5cbfeb
Queens Park Rangers,265,290,10,1979,#004f9c
Liverpool,427,413,1,1980,#ae222d
Manchester United,344,262,2,1980,#ae222d
Ipswich Town,326,325,3,1980,#091453
Arsenal,316,296,4,1980,#ae222d
Leeds United,314,322,5,1980,#dddddd
Aston Villa,310,248,6,1980,#7a003d
Manchester City,309,324,7,1980,#5cbfeb
Everton,302,324,8,1980,#091453
Coventry City,277,273,9,1980,#5cbfeb
Middlesbrough,276,282,10,1980,#ae222d
Liverpool,412,427,1,1981,#ae222d
Aston Villa,346,310,2,1981,#7a003d
Ipswich Town,343,326,3,1981,#091453
Arsenal,339,316,4,1981,#ae222d
West Bromwich Albion,336,264,5,1981,#091453
Manchester United,328,344,6,1981,#ae222d
Nottingham Forest,307,238,7,1981,#ae222d
Manchester City,303,309,8,1981,#5cbfeb
Leeds United,303,314,8,1981,#dddddd
Everton,294,302,10,1981,#091453
Liverpool,419,412,1,1982,#ae222d
Nottingham Forest,364,307,2,1982,#ae222d
Ipswich Town,352,343,3,1982,#091453
Arsenal,351,339,4,1982,#ae222d
Manchester United,341,328,5,1982,#ae222d
Aston Villa,330,346,6,1982,#7a003d
West Bromwich Albion,319,336,7,1982,#091453
Everton,302,294,8,1982,#091453
Leeds United,288,303,9,1982,#dddddd
Manchester City,284,303,10,1982,#5cbfeb
Liverpool,420,419,1,1983,#ae222d
Ipswich Town,364,352,2,1983,#091453
Manchester United,353,341,3,1983,#ae222d
Nottingham Forest,344,364,4,1983,#ae222d
Arsenal,336,351,5,1983,#ae222d
Aston Villa,334,330,6,1983,#7a003d
Southampton,308,251,7,1983,#ae222d
West Bromwich Albion,308,319,7,1983,#091453
Tottenham Hotspur,306,237,9,1983,#dddddd
Everton,289,302,10,1983,#091453
Liverpool,402,420,1,1984,#ae222d
Manchester United,367,353,2,1984,#ae222d
Ipswich Town,348,364,3,1984,#091453
Nottingham Forest,337,344,4,1984,#ae222d
Arsenal,334,336,5,1984,#ae222d
Aston Villa,333,334,6,1984,#7a003d
Southampton,333,308,6,1984,#ae222d
Sunderland,168,98,7,1984,#ae222d
Tottenham Hotspur,313,306,8,1984,#dddddd
Everton,283,289,9,1984,#091453
West Bromwich Albion,276,308,10,1984,#091453
Liverpool,394,402,1,1985,#ae222d
Manchester United,361,367,2,1985,#ae222d
Southampton,338,333,3,1985,#ae222d
Tottenham Hotspur,335,313,4,1985,#dddddd
Nottingham Forest,333,337,5,1985,#ae222d
Arsenal,330,334,6,1985,#ae222d
Everton,329,283,7,1985,#091453
Aston Villa,327,333,8,1985,#7a003d
Ipswich Town,323,348,9,1985,#091453
West Bromwich Albion,279,276,10,1985,#091453
Liverpool,414,394,1,1986,#ae222d
Manchester United,374,361,2,1986,#ae222d
Everton,366,329,3,1986,#091453
Tottenham Hotspur,343,335,4,1986,#dddddd
Nottingham Forest,332,333,5,1986,#ae222d
Arsenal,327,330,6,1986,#ae222d
West Ham United,317,233,7,1986,#7a003d
Southampton,314,338,8,1986,#ae222d
Ipswich Town,285,323,9,1986,#091453
Aston Villa,285,327,9,1986,#7a003d
Liverpool,404,414,1,1987,#ae222d
Everton,388,366,2,1987,#091453
Manchester United,352,374,3,1987,#ae222d
Tottenham Hotspur,343,343,4,1987,#dddddd
Nottingham Forest,340,332,5,1987,#ae222d
Arsenal,326,327,6,1987,#ae222d
West Ham United,311,317,7,1987,#7a003d
Watford,305,242,8,1987,#fcd116
Southampton,300,314,9,1987,#ae222d
Luton Town,286,220,10,1987,#faa61a
Liverpool,412,404,1,1988,#ae222d
Everton,394,388,2,1988,#091453
Sunderland,275,308,2,1988,#ae222d
Manchester United,363,352,3,1988,#ae222d
Nottingham Forest,344,340,4,1988,#ae222d
Arsenal,334,326,5,1988,#ae222d
Tottenham Hotspur,321,343,6,1988,#dddddd
Southampton,293,300,7,1988,#ae222d
Queens Park Rangers,292,225,8,1988,#004f9c
Luton Town,290,286,9,1988,#faa61a
West Ham United,289,311,10,1988,#7a003d
Liverpool,408,412,1,1989,#ae222d
Everton,386,394,2,1989,#091453
Arsenal,347,334,3,1989,#ae222d
Manchester United,340,363,4,1989,#ae222d
Nottingham Forest,334,344,5,1989,#ae222d
Tottenham Hotspur,317,321,6,1989,#dddddd
Sheffield Wednesday,285,243,7,1989,#004f9c
Luton Town,280,290,8,1989,#faa61a
Queens Park Rangers,272,292,9,1989,#004f9c
West Ham United,267,289,10,1989,#7a003d
Liverpool,410,408,1,1990,#ae222d
Everton,355,386,2,1990,#091453
Arsenal,343,347,3,1990,#ae222d
Nottingham Forest,324,334,4,1990,#ae222d
Manchester United,312,340,5,1990,#ae222d
Tottenham Hotspur,303,317,6,1990,#dddddd
Queens Park Rangers,272,272,7,1990,#004f9c
Luton Town,269,280,8,1990,#faa61a
Sheffield Wednesday,263,285,9,1990,#004f9c
Coventry City,263,264,9,1990,#5cbfeb
Liverpool,398,410,1,1991,#ae222d
Arsenal,359,343,2,1991,#ae222d
Everton,320,355,3,1991,#091453
Nottingham Forest,310,324,4,1991,#ae222d
Manchester United,296,312,5,1991,#ae222d
Tottenham Hotspur,287,303,6,1991,#dddddd
Wimbledon,285,229,7,1991,#091453
Norwich City,273,228,8,1991,#fcd116
Queens Park Rangers,266,272,9,1991,#004f9c
Coventry City,264,263,10,1991,#5cbfeb
Liverpool,385,398,1,1992,#ae222d
Arsenal,361,359,2,1992,#ae222d
Manchester United,318,296,3,1992,#ae222d
Nottingham Forest,304,310,4,1992,#ae222d
Everton,287,320,5,1992,#091453
Wimbledon,272,285,6,1992,#091453
Queens Park Rangers,270,266,7,1992,#004f9c
Tottenham Hotspur,268,287,8,1992,#dddddd
Norwich City,250,273,9,1992,#fcd116
Southampton,247,247,10,1992,#ae222d
Liverpool,354,385,1,1993,#ae222d
Arsenal,351,361,2,1993,#ae222d
Manchester United,321,318,3,1993,#ae222d
Aston Villa,285,211,4,1993,#7a003d
Tottenham Hotspur,280,268,5,1993,#dddddd
Norwich City,277,250,6,1993,#fcd116
Nottingham Forest,271,304,7,1993,#ae222d
Everton,270,287,8,1993,#091453
Wimbledon,269,272,9,1993,#091453
Grimsby Town,0,59,10,1993,#252525
Queens Park Rangers,266,270,10,1993,#004f9c
Manchester United,362,321,1,1994,#ae222d
Preston North End,200,145,1,1994,#dddddd
Arsenal,346,351,2,1994,#ae222d
Liverpool,338,354,3,1994,#ae222d
Aston Villa,302,285,4,1994,#7a003d
Wimbledon,283,269,5,1994,#091453
Manchester City,282,237,6,1994,#5cbfeb
Queens Park Rangers,273,266,7,1994,#004f9c
Chelsea,269,218,8,1994,#004f9c
Norwich City,268,277,9,1994,#fcd116
Tottenham Hotspur,268,280,9,1994,#dddddd
Grimsby Town,0,0,10,1994,#252525
Manchester United,402,362,1,1995,#ae222d
Preston North End,254,200,1,1995,#dddddd
Leeds United,340,267,2,1995,#dddddd
Arsenal,335,346,3,1995,#ae222d
Liverpool,333,338,4,1995,#ae222d
Wimbledon,284,283,5,1995,#091453
Manchester City,283,282,6,1995,#5cbfeb
Queens Park Rangers,283,273,6,1995,#004f9c
Aston Villa,280,302,8,1995,#7a003d
Tottenham Hotspur,267,268,9,1995,#dddddd
Chelsea,263,269,10,1995,#004f9c
Grimsby Town,0,0,10,1995,#252525
Manchester United,424,402,1,1996,#ae222d
Liverpool,328,333,2,1996,#ae222d
Leeds United,319,340,3,1996,#dddddd
Arsenal,313,335,4,1996,#ae222d
Blackburn Rovers,305,244,5,1996,#004f9c
Aston Villa,302,280,6,1996,#7a003d
Sheffield Wednesday,289,249,7,1996,#004f9c
Tottenham Hotspur,279,267,8,1996,#dddddd
Queens Park Rangers,270,283,9,1996,#004f9c
Wimbledon,269,284,10,1996,#091453
Manchester United,421,424,1,1997,#ae222d
Blackburn Rovers,347,305,2,1997,#004f9c
Everton,260,255,3,1997,#091453
Liverpool,332,328,3,1997,#ae222d
Arsenal,309,313,4,1997,#ae222d
Aston Villa,303,302,5,1997,#7a003d
Newcastle United,295,227,6,1997,#252525
Notts County,114,77,7,1997,#252525
Leeds United,283,319,7,1997,#dddddd
Tottenham Hotspur,273,279,8,1997,#dddddd
Wimbledon,272,269,9,1997,#091453
Sheffield Wednesday,271,289,10,1997,#004f9c
Manchester United,414,421,1,1998,#ae222d
Newcastle United,339,295,2,1998,#252525
Liverpool,338,332,3,1998,#ae222d
Blackburn Rovers,334,347,4,1998,#004f9c
Arsenal,331,309,5,1998,#ae222d
Leeds United,291,283,6,1998,#dddddd
Aston Villa,286,303,7,1998,#7a003d
Chelsea,277,270,8,1998,#004f9c
Wimbledon,262,272,9,1998,#091453
Notts County,148,114,10,1998,#252525
Tottenham Hotspur,258,273,10,1998,#dddddd
Manchester United,401,414,1,1999,#ae222d
Arsenal,338,331,2,1999,#ae222d
Liverpool,332,338,3,1999,#ae222d
Newcastle United,308,339,4,1999,#252525
Chelsea,301,277,5,1999,#004f9c
Leeds United,288,291,6,1999,#dddddd
Blackburn Rovers,285,334,7,1999,#004f9c
Aston Villa,284,286,8,1999,#7a003d
Tottenham Hotspur,260,258,9,1999,#dddddd
West Ham United,256,251,10,1999,#7a003d
Manchester United,404,401,1,2000,#ae222d
Arsenal,360,338,2,2000,#ae222d
Liverpool,325,332,3,2000,#ae222d
Chelsea,312,301,4,2000,#004f9c
Aston Villa,294,284,5,2000,#7a003d
Newcastle United,288,308,6,2000,#252525
Leeds United,284,288,7,2000,#dddddd
West Ham United,261,256,8,2000,#7a003d
Tottenham Hotspur,251,260,9,2000,#dddddd
Everton,236,236,10,2000,#091453
Manchester United,402,404,1,2001,#ae222d
Arsenal,367,360,2,2001,#ae222d
Chelsea,323,312,3,2001,#004f9c
Liverpool,323,325,3,2001,#ae222d
Leeds United,309,284,5,2001,#dddddd
Aston Villa,285,294,6,2001,#7a003d
Newcastle United,261,288,7,2001,#252525
Leicester City,252,204,8,2001,#091453
West Ham United,252,261,8,2001,#7a003d
Tottenham Hotspur,239,251,10,2001,#dddddd
Manchester United,404,402,1,2002,#ae222d
Arsenal,386,367,2,2002,#ae222d
Liverpool,335,323,3,2002,#ae222d
Leeds United,329,309,4,2002,#dddddd
Chelsea,328,323,5,2002,#004f9c
Aston Villa,274,285,6,2002,#7a003d
Newcastle United,264,261,7,2002,#252525
West Ham United,263,252,8,2002,#7a003d
Tottenham Hotspur,243,239,9,2002,#dddddd
Leicester City,233,252,10,2002,#091453
Manchester United,410,404,1,2003,#ae222d
Arsenal,386,386,2,2003,#ae222d
Liverpool,334,335,3,2003,#ae222d
Chelsea,332,328,4,2003,#004f9c
Leeds United,317,329,5,2003,#dddddd
Newcastle United,289,264,6,2003,#252525
Aston Villa,262,274,7,2003,#7a003d
Tottenham Hotspur,249,243,8,2003,#dddddd
West Ham United,249,263,8,2003,#7a003d
Middlesbrough,239,190,10,2003,#ae222d
Manchester United,406,410,1,2004,#ae222d
Arsenal,398,386,2,2004,#ae222d
Liverpool,340,334,3,2004,#ae222d
Chelsea,336,332,4,2004,#004f9c
Newcastle United,299,289,5,2004,#252525
Leeds United,283,317,6,2004,#dddddd
Aston Villa,263,262,7,2004,#7a003d
Tottenham Hotspur,247,249,8,2004,#dddddd
Southampton,240,234,9,2004,#ae222d
Middlesbrough,236,239,10,2004,#ae222d
Arsenal,408,398,1,2005,#ae222d
Manchester United,392,406,2,2005,#ae222d
Chelsea,366,336,3,2005,#004f9c
Liverpool,331,340,4,2005,#ae222d
Newcastle United,291,299,5,2005,#252525
Aston Villa,252,263,6,2005,#7a003d
Tottenham Hotspur,246,247,7,2005,#dddddd
Everton,244,233,8,2005,#091453
Charlton Athletic,244,198,8,2005,#ae222d
Middlesbrough,239,236,10,2005,#ae222d
Arsenal,405,408,1,2006,#ae222d
Chelsea,396,366,2,2006,#004f9c
Manchester United,395,392,3,2006,#ae222d
Liverpool,344,331,4,2006,#ae222d
Newcastle United,298,291,5,2006,#252525
Tottenham Hotspur,262,246,6,2006,#dddddd
Blackburn Rovers,255,192,7,2006,#004f9c
Everton,252,244,8,2006,#091453
Burnley,151,108,8,2006,#7a003d
Bolton Wanderers,251,195,9,2006,#dddddd
Middlesbrough,242,239,10,2006,#ae222d
Chelsea,415,396,1,2007,#004f9c
Manchester United,407,395,2,2007,#ae222d
Arsenal,386,405,3,2007,#ae222d
Liverpool,332,344,4,2007,#ae222d
Tottenham Hotspur,272,262,5,2007,#dddddd
Newcastle United,270,298,6,2007,#252525
Everton,267,252,7,2007,#091453
Bolton Wanderers,267,251,7,2007,#dddddd
Blackburn Rovers,261,255,9,2007,#004f9c
Middlesbrough,243,242,10,2007,#ae222d
Chelsea,433,415,1,2008,#004f9c
Manchester United,411,407,2,2008,#ae222d
Arsenal,391,386,3,2008,#ae222d
Liverpool,344,332,4,2008,#ae222d
Derby County,228,210,4,2008,#dddddd
Everton,273,267,5,2008,#091453
Tottenham Hotspur,268,272,6,2008,#dddddd
Bolton Wanderers,260,267,7,2008,#dddddd
Blackburn Rovers,259,261,8,2008,#004f9c
Aston Villa,255,240,9,2008,#7a003d
Newcastle United,244,270,10,2008,#252525
Chelsea,437,433,1,2009,#004f9c
Manchester United,426,411,2,2009,#ae222d
Arsenal,373,391,3,2009,#ae222d
Liverpool,370,344,4,2009,#ae222d
Everton,297,273,5,2009,#091453
Tottenham Hotspur,274,268,6,2009,#dddddd
Aston Villa,261,255,7,2009,#7a003d
Blackburn Rovers,256,259,8,2009,#004f9c
Bolton Wanderers,248,260,9,2009,#dddddd
Manchester City,242,233,10,2009,#5cbfeb
Manchester United,434,426,1,2010,#ae222d
Chelsea,428,437,2,2010,#004f9c
Liverpool,375,370,3,2010,#ae222d
Arsenal,365,373,4,2010,#ae222d
Everton,297,297,5,2010,#091453
Tottenham Hotspur,292,274,6,2010,#dddddd
Aston Villa,278,261,7,2010,#7a003d
Blackburn Rovers,264,256,8,2010,#004f9c
Manchester City,257,242,9,2010,#5cbfeb
West Ham United,231,196,10,2010,#7a003d
Manchester United,431,434,1,2011,#ae222d
Chelsea,408,428,2,2011,#004f9c
Arsenal,366,365,3,2011,#ae222d
Liverpool,351,375,4,2011,#ae222d
Everton,301,297,5,2011,#091453
Tottenham Hotspur,289,292,6,2011,#dddddd
Manchester City,285,257,7,2011,#5cbfeb
Aston Villa,284,278,8,2011,#7a003d
Blackburn Rovers,244,264,9,2011,#004f9c
Fulham,223,222,10,2011,#dddddd
Manchester United,431,431,1,2012,#ae222d
Chelsea,389,408,2,2012,#004f9c
Arsenal,368,366,3,2012,#ae222d
Liverpool,335,351,4,2012,#ae222d
Manchester City,332,285,5,2012,#5cbfeb
Everton,299,301,6,2012,#091453
Tottenham Hotspur,298,289,7,2012,#dddddd
Aston Villa,272,284,8,2012,#7a003d
Fulham,236,223,9,2012,#dddddd
Blackburn Rovers,223,244,10,2012,#004f9c
Manchester United,433,431,1,2013,#ae222d
Chelsea,379,389,2,2013,#004f9c
Arsenal,358,368,3,2013,#ae222d
Manchester City,355,332,4,2013,#5cbfeb
Tottenham Hotspur,324,298,5,2013,#dddddd
Aston Villa,137,92,6,2013,#7a003d
Liverpool,320,335,6,2013,#ae222d
Everton,297,299,7,2013,#091453
Aston Villa,253,272,8,2013,#7a003d
West Bromwich Albion,109,85,8,2013,#091453
Fulham,243,236,9,2013,#dddddd
Stoke City,225,183,10,2013,#ae222d
Manchester United,407,433,1,2014,#ae222d
Manchester City,391,355,2,2014,#5cbfeb
Chelsea,378,379,3,2014,#004f9c
Arsenal,365,358,4,2014,#ae222d
Aston Villa,188,137,5,2014,#7a003d
Tottenham Hotspur,342,324,5,2014,#dddddd
Liverpool,318,320,6,2014,#ae222d
Everton,306,297,7,2014,#091453
Stoke City,230,225,8,2014,#ae222d
Aston Villa,229,253,9,2014,#7a003d
West Bromwich Albion,150,109,9,2014,#091453
Fulham,222,243,10,2014,#dddddd
Manchester City,403,391,1,2015,#5cbfeb
Manchester United,392,407,2,2015,#ae222d
Chelsea,379,378,3,2015,#004f9c
Charlton Athletic,0,72,3,2015,#ae222d
Arsenal,365,365,4,2015,#ae222d
Tottenham Hotspur,336,342,5,2015,#dddddd
Liverpool,317,318,6,2015,#ae222d
Everton,292,306,7,2015,#091453
Newcastle United,240,201,8,2015,#252525
Stoke City,237,230,9,2015,#ae222d
West Bromwich Albion,223,179,10,2015,#091453
Manchester City,398,403,1,2016,#5cbfeb
Manchester United,378,392,2,2016,#ae222d
Arsenal,368,365,3,2016,#ae222d
Charlton Athletic,0,0,3,2016,#ae222d
Chelsea,358,379,4,2016,#004f9c
Tottenham Hotspur,344,336,5,2016,#dddddd
Liverpool,319,317,6,2016,#ae222d
Everton,285,292,7,2016,#091453
Stoke City,242,237,8,2016,#ae222d
Swansea City,238,191,9,2016,#dddddd
Newcastle United,231,240,10,2016,#252525
Chelsea,387,358,1,2017,#004f9c
Manchester City,387,398,1,2017,#5cbfeb
Arsenal,373,368,3,2017,#ae222d
Charlton Athletic,0,0,3,2017,#ae222d
Tottenham Hotspur,361,344,4,2017,#dddddd
Manchester United,358,378,5,2017,#ae222d
Liverpool,343,319,6,2017,#ae222d
Everton,290,285,7,2017,#091453
Southampton,266,220,8,2017,#ae222d
Stoke City,241,242,9,2017,#ae222d
West Ham United,240,195,10,2017,#7a003d
Manchester City,409,387,1,2018,#5cbfeb
Aston Villa,303,280,1,2018,#7a003d
Chelsea,382,387,2,2018,#004f9c
Tottenham Hotspur,366,361,3,2018,#dddddd
Arsenal,363,373,4,2018,#ae222d
Liverpool,357,343,5,2018,#ae222d
Manchester United,350,358,6,2018,#ae222d
Everton,276,290,7,2018,#091453
Southampton,261,266,8,2018,#ae222d
West Ham United,236,240,9,2018,#7a003d
Stoke City,232,241,10,2018,#ae222d